cod_colaborador,primeiro_nome,ultimo_nome,email,cpf,data_nascimento,endereco,cep
14,Paulo,Dias,melissalopes@example.net,847.210.695-02,24/04/1974,"Lagoa de Rodrigues, 62 Zilah Sposito 37328-273 Castro Paulista / PE",27275674
19,Luiz Fernando,Dias,pcunha@example.net,820.415.963-33,10/07/1994,"Ladeira de Moreira, 82 Jardim Atlântico 27617-762 Sales Verde / PB",50013962
32,Vitor Hugo,Dias,aragaonicolas@example.net,936.172.548-37,18/12/1986,Área Sophie Moreira Maria Virgínia 71941-111 Souza do Campo / RJ,08955-215
88,João Gabriel,Lima,luiz-otaviorezende@example.org,967.082.451-67,19/10/1994,"Trevo Murilo Ramos, 92 São Benedito 73615-597 Moura da Mata / RR",24224-305
39,Maria Eduarda,Melo,joao-pedro72@example.com,857.496.210-49,01/03/1996,"Parque de Moura, 65 Granja Werneck 67769059 da Rosa de da Cunha / RR",96896390
41,Olivia,Costa,sabrina59@example.com,190.768.435-20,30/01/1966,"Favela Rocha, 94 Laranjeiras 92500120 Viana / GO",90019993
45,Laura,Cunha,lviana@example.org,217.583.096-95,07/02/1977,"Lagoa Benício Moura, 5 Vila Paraíso 50235854 da Conceissão / RJ",19415-341
100,Lavínia,Cunha,noahmoraes@example.com,062.937.158-02,24/03/1975,"Colônia Lima, 83 Flamengo 36172-665 da Mota / SE",74890752
16,Benjamin,Gomes,vjesus@example.org,718.950.436-20,21/12/1963,"Conjunto Gomes, 888 Céu Azul 76308-427 Lopes do Norte / GO",29604844
46,Alana,Gomes,samuel76@example.com,768.134.950-20,16/07/1977,Fazenda Emilly Costa Campo Alegre 55916-800 da Cunha de Rocha / SE,88161-168
76,Ana Júlia,Gomes,davi-luccacardoso@example.org,461.837.095-57,13/09/1985,"Viaduto Rezende, 33 Beira Linha 94699659 Fogaça do Oeste / RN",73793-541
64,Ana Júlia,Jesus,thales22@example.com,265.931.407-16,15/06/1975,Travessa Araújo Flamengo 90045246 Dias / AM,85994735
86,Eduarda,Jesus,zmelo@example.com,260.431.897-04,28/10/1983,"Vale de Ribeiro, 6 Vera Cruz 77263-255 Lopes Verde / MS",53119-377
91,Emilly,Jesus,freitascaroline@example.com,053.126.487-44,03/03/1985,"Pátio Aragão, 171 Califórnia 42079209 da Rosa Grande / ES",95399-857
4,Laís,Lopes,diaslucas@example.org,269.580.741-49,14/10/1976,"Sítio da Paz, 94 Conjunto Jatoba 59169-769 Nogueira / PA",7868885
42,Enrico,Lopes,oviana@example.com,196.574.038-39,23/03/1991,"Chácara de Pereira, 148 Etelvina Carneiro 74386-933 das Neves / TO",98758451
53,Helena,Lopes,antoniomonteiro@example.org,928.706.341-96,08/10/1990,"Área Enrico Caldeira, 9 Santa Cecilia 37808172 Rocha da Prata / PB",48143-984
57,Lucca,Lopes,das-nevesmaria-fernanda@example.org,697.351.804-48,21/02/1966,"Área de da Cunha, 52 Pantanal 27949-577 Barros / MT",04775-545
67,Luiz Henrique,Lopes,davi-luiz75@example.net,538.697.210-30,28/05/1990,"Avenida Barros, 820 Vila Puc 71371716 da Paz / AM",95994401
56,Julia,Pinto,jalves@example.org,734.206.859-47,27/11/1985,"Trecho Teixeira, 90 Vila Oeste 93070-834 Moraes Paulista / DF",71279-339
31,Joaquim,Pires,laispeixoto@example.org,104.263.875-62,12/06/1978,"Loteamento de Peixoto, 42 Aparecida 7ª Sessão 72660123 Nunes / SE",51569-010
43,Marcelo,Ramos,heitor34@example.org,279.438.056-74,13/11/1968,"Praia Daniela Nunes, 10 Vila Trinta E Um De Março 92370116 Silva Grande / AP",74002-728
50,João Pedro,Ramos,barbara58@example.com,814.096.532-42,09/04/1970,"Fazenda de Pinto, 27 Pirineus 57057184 da Paz / MS",36777-821
26,Luiz Henrique,Rocha,rodriguesolivia@example.net,934.210.785-05,03/06/1974,"Alameda de Fogaça, 60 Araguaia 33543-326 Moraes de Santos / CE",26210551
36,Marcela,Rocha,henriqueda-luz@example.com,503.247.891-14,16/07/1963,"Ladeira de Porto, 9 Distrito Industrial Do Jatoba 71922-717 Lima de Souza / SE",42103-068
85,Pedro Lucas,Rocha,pauloribeiro@example.org,305.687.219-77,07/12/1991,"Fazenda Pedro Miguel Vieira, 714 São Salvador 88997-693 Viana da Mata / RR",12941395
22,Davi Luiz,Sales,leticia48@example.org,192.058.346-70,07/01/1979,"Loteamento de Fogaça, 485 Vila Fumec 29814669 Gonçalves do Oeste / DF",60281-719
54,João Gabriel,Sales,emanuella17@example.net,784.290.531-23,23/04/1985,"Ladeira de Viana, 1 Conjunto Capitão Eduardo 97321062 Dias / BA",16683185
82,Mirella,Sales,pedro-miguelda-rocha@example.org,097.435.216-07,13/11/1967,Loteamento Monteiro Conjunto Bonsucesso 77655-152 Nogueira de Minas / MA,62738233
65,Sabrina,Silva,luiz-gustavo49@example.org,652.307.918-02,15/02/1990,"Lago Costela, 31 Conjunto Santa Maria 75957-012 Azevedo / PE",75913-235
68,João Miguel,Souza,icarvalho@example.com,627.134.095-43,14/10/1962,"Passarela Natália da Rosa, 24 São Pedro 65884-698 Rocha da Praia / PI",98839-500
84,Pietro,Souza,diogo68@example.org,136.078.249-40,31/03/1985,"Sítio Pereira, 2 Baleia 52815-925 da Cruz / PB",92408-486
72,Noah,Barros,martinsmarcos-vinicius@example.net,126.749.853-64,25/04/1991,"Colônia de da Luz, 258 Vila Santo Antônio Barroquinha 53260-352 Farias / MG",57387761
62,Arthur,Campos,oviana@example.org,381.657.092-59,28/12/1973,"Conjunto Alves, 8 Santa Amelia 36469-502 da Mota do Amparo / BA",16596-292
3,Kamilly,Castro,correialivia@example.net,297.634.180-03,15/09/1975,"Praia Marina Monteiro, 29 Vila São Francisco 58603414 Vieira da Serra / SC",96322-716
17,Larissa,Castro,asilva@example.com,137.405.962-52,19/05/1980,"Setor de Oliveira, 8 Teixeira Dias 68695-507 Costela / SC",71170-459
69,Helena,Castro,caldeiragiovanna@example.org,714.309.582-60,05/10/1986,"Trevo de Cavalcanti, 9 Renascença 86582782 Lima do Campo / RJ",26544-466
98,Alana,Castro,rodrigo08@example.org,825.140.697-85,06/03/1964,"Trecho de da Paz, 27 Conjunto Taquaril 72170-264 Pinto / MS",36787-854
18,Maria Vitória,Duarte,almeidacaroline@example.net,047.836.592-65,24/12/1963,"Setor Thiago da Rocha, 9 Independéncia 55260-908 Santos da Prata / PE",29043497
81,Benício,Farias,maria91@example.com,059.817.632-21,08/05/1976,"Avenida Melo, 40 Estrela Do Oriente 56389266 da Luz do Oeste / AM",52447-374
38,Luigi,Moraes,camposgiovanna@example.org,761.038.529-86,15/02/1981,"Condomínio Mirella da Conceissão, 19 Petropolis 14916934 Lopes / PE",83417203
63,Ana Clara,Moraes,vitoriagomes@example.org,291.847.506-85,08/05/1981,"Favela de Oliveira, 514 Vila Nova Gameleira 3ª Sessão 04170-829 Teixeira do Campo / CE",74407700
10,Vitor Hugo,Novaes,isisda-paz@example.org,187.053.296-12,19/06/1969,"Pátio Silveira, 48 Concórdia 02998-381 Moraes / SC",75796-270
13,Maria Fernanda,Novaes,milena41@example.net,942.718.605-49,13/04/1964,"Distrito Enrico Souza, 9 Vila Novo São Lucas 51945-621 Gonçalves de Cunha / MS",96640825
92,Eduarda,Novaes,da-rochagustavo@example.com,961.452.703-06,19/12/1982,"Lagoa de Costa, 96 Conjunto Minas Caixa 87681-170 da Rosa / PE",54656-513
25,Lara,Santos,pteixeira@example.com,768.541.203-90,13/05/1970,"Largo Nogueira, 59 Conjunto Bonsucesso 43484658 Porto Paulista / AM",68997-717
37,João Lucas,Santos,araujoana-vitoria@example.net,813.769.540-01,04/07/1981,Condomínio Araújo Vera Cruz 78170-346 da Paz da Serra / SE,75795-729
24,Vitória,Vieira,pedro-henrique56@example.org,572.340.961-16,13/06/1989,"Campo Bruno Melo, 3 São Jorge 1ª Sessão 04133-564 Araújo de Pires / PE",92847600
44,Bruno,da Paz,wmoura@example.org,534.062.971-61,30/10/1997,"Alameda de Aragão, 5 Monte Azul 28055-168 Jesus / SC",64363-566
30,Arthur,Almeida,joaquim97@example.org,057.264.198-20,16/01/1980,"Travessa Vitor Gabriel Silveira, 20 Granja Werneck 96535821 das Neves da Mata / AC",69196806
90,Caué,Almeida,wcampos@example.org,176.084.239-78,03/12/1993,"Vale de Costa, 62 Acaiaca 71168-130 Gonçalves da Praia / MG",61301741
20,Alice,Aragão,pedro-henrique82@example.com,495.278.610-20,19/09/1964,"Núcleo Emanuella Jesus, 621 Vila Jardim Montanhes 66803663 Pires do Campo / RR",23821831
74,Laís,Aragão,stephanypeixoto@example.net,027.619.358-02,10/11/1991,Distrito Pinto Liberdade 55152-938 Nascimento / PA,28501-411
29,Juan,Barbosa,cavalcantithomas@example.org,403.527.198-50,09/10/1967,"Favela de Cunha, 84 Jardim América 28360-153 da Costa do Campo / RJ",42832-180
83,Julia,Barbosa,da-luzcarolina@example.com,149.853.026-51,04/11/1993,"Esplanada de da Conceissão, 52 Satelite 42238-305 Cavalcanti / DF",41497222
71,Gabriela,Cardoso,arthur02@example.net,385.049.162-51,13/07/1967,"Colônia Thomas Viana, 918 Marajó 70771-248 Duarte / RJ",8566439
89,Camila,Cardoso,silveiradaniela@example.org,461.203.589-51,21/10/1965,"Rodovia de Nogueira, 37 União 95858-378 das Neves / AM",65408-812
97,Nicolas,Cardoso,costajoao-miguel@example.net,897.605.341-93,22/04/1969,"Vereda Freitas, 46 Minas Brasil 80891-631 da Mata / CE",21980-775
21,Rafaela,Correia,vitor-hugosales@example.org,390.752.168-40,24/03/1973,"Chácara de Barbosa, 29 Engenho Nogueira 03345703 Cunha do Oeste / SP",03927-555
33,Elisa,Correia,leandro34@example.net,965.832.147-09,23/02/1993,"Morro de Souza, 84 Distrito Industrial Do Jatoba 67203-288 da Mota / AP",50769-513
47,Maité,Correia,carlos-eduardo92@example.com,031.248.796-78,25/10/1978,"Lagoa de da Mata, 20 Silveira 49023-064 Rocha do Sul / PE",94709-044
6,Clarice,Costela,lrezende@example.org,264.875.013-44,06/02/1977,"Parque de Silveira, 66 Vila Da Luz 09881-664 Jesus / MS",12204328
99,Fernando,Costela,osilveira@example.net,492.758.103-97,24/11/1963,"Praça de Duarte, 5 Santa Rosa 84418424 Cardoso de Carvalho / RO",15164977
23,Elisa,Fogaça,qjesus@example.net,579.816.234-64,16/08/1988,"Campo João Barros, 99 Providencia 47135-118 Melo de Lima / ES",12605284
96,Gustavo,Martins,emilly44@example.com,790.245.683-74,02/09/1995,"Largo de das Neves, 1 Nova Esperança 60391950 Monteiro de da Rocha / CE",97215561
11,Camila,Moreira,enzo-gabrielduarte@example.com,263.589.174-55,30/03/1970,"Lago Evelyn Teixeira, 7 Pantanal 68026-096 Carvalho / SP",92857-785
7,Letícia,Peixoto,igornovaes@example.net,396.071.582-02,10/09/1994,"Ladeira da Costa, 86 Conjunto Bonsucesso 59864-562 Porto de Barros / ES",92465328
9,Diego,Peixoto,valentinada-rocha@example.net,367.528.901-02,01/04/1969,"Sítio Maria Eduarda Pires, 8 Antonio Ribeiro De Abreu 1ª Sessão 50991-334 Nogueira da Prata / BA",77896-815
40,Bryan,Peixoto,kgomes@example.com,047.931.256-70,22/08/1975,"Rodovia Leonardo da Cunha, 135 Ventosa 29667758 Moreira do Norte / AP",79262-228
52,Theo,Peixoto,ncosta@example.net,578.310.962-21,10/10/1991,"Fazenda Peixoto, 68 Marieta 3ª Sessão 99059-719 Porto / SE",47431-701
2,Clarice,Ribeiro,noahcastro@example.org,091.367.842-22,10/11/1993,"Recanto Nogueira, 3 Xangri-Lá 38163250 Vieira de Mendes / RN",05165-716
5,Emanuella,Ribeiro,paulo12@example.org,714.695.380-75,01/06/1974,"Parque Lima, 3 Europa 70881-379 Cunha / RS",22588-498
1,Lorena,da Mata,luiz-felipefarias@example.org,843.201.579-23,31/01/1996,"Vereda da Rocha, 240 Vila Aeroporto 10668-659 Caldeira / MT",69097997
79,Pietro,da Mata,luiza18@example.net,241.395.068-06,24/04/1973,Passarela de Peixoto Distrito Industrial Do Jatoba 34288-743 da Mata Paulista / AM,4555518
48,Pietra,da Mota,ianviana@example.net,452.389.017-04,16/11/1978,Trevo Bruno Azevedo Engenho Nogueira 17313-814 Porto de Goiás / RN,71636-333
55,Ana Sophia,da Mota,pedro-henrique85@example.com,205.719.486-85,16/05/1997,"Conjunto de Nascimento, 138 Marçola 26018227 Viana / RO",79292091
77,Sophie,da Mota,livia08@example.net,672.598.143-73,13/04/1997,"Condomínio Isabelly Cunha, 30 Prado 78943472 Rezende / PR",53778703
8,Vitor Gabriel,Caldeira,csilva@example.net,853.624.091-15,11/07/1973,"Jardim da Luz, 96 Rio Branco 42420423 da Mata / MT",66925-534
49,Pietra,Caldeira,gustavo-henriquecastro@example.com,725.083.916-03,06/08/1977,"Travessa Laura Monteiro, 7 Grota 92672446 Porto / AL",36084-897
61,Davi Lucca,Carvalho,vcavalcanti@example.net,526.984.013-89,27/04/1963,Recanto Nina da Costa Vila Santa Monica 1ª Sessão 23645052 Castro de Fernandes / MA,3745319
58,Ana Julia,Ferreira,lorena19@example.com,945.218.603-89,22/02/1994,"Vale Rezende, 4 São Geraldo 84460438 da Conceissão de Sales / TO",33395-564
75,Maria Fernanda,Ferreira,vitor-hugoribeiro@example.net,283.076.541-90,13/07/1978,"Ladeira de Nascimento, 359 Salgado Filho 60868-929 da Rosa / CE",01114-589
78,João Felipe,Ferreira,fernando53@example.org,369.428.710-87,12/09/1976,"Favela Barros, 28 Nazare 98329-395 Caldeira do Norte / GO",83982-409
51,Pedro Lucas,Silveira,kda-cunha@example.com,823.456.790-00,24/12/1970,"Trecho de Duarte, 903 Leticia 22951015 Nascimento / RR",87312248
93,Yuri,Silveira,barbarapereira@example.net,395.814.270-23,09/09/1980,"Campo de Silveira, 36 Bernadete 75409639 Barbosa / RN",48093646
87,Luna,Teixeira,samuel34@example.org,403.762.985-29,06/04/1998,"Viaduto Cunha, 3 Minas Brasil 94652281 Nascimento do Oeste / SC",53544065
73,Lucas Gabriel,da Costa,sophie99@example.net,749.536.012-70,08/03/1977,"Conjunto Melo, 64 Vila Nova Gameleira 3ª Sessão 99419458 Duarte Alegre / AC",80265890
34,Daniela,Fernandes,rezendemarcela@example.org,627.401.395-43,22/07/1996,"Feira de Melo, 95 Bom Jesus 02499-885 Jesus / PE",73390-636
59,Eloah,Fernandes,ida-costa@example.org,486.321.970-96,10/09/1987,Recanto Duarte Vila Mangueiras 08038-110 Araújo / RO,73404-769
60,Sabrina,Fernandes,pedro82@example.net,643.508.219-70,18/09/1993,"Conjunto Sofia Azevedo, 44 Ipe 31209677 Costela de Araújo / MA",24300799
15,Joana,Rodrigues,erodrigues@example.net,480.756.921-01,21/05/1968,"Esplanada de Almeida, 720 Manacas 89334474 Cardoso de Cunha / MT",92472266
66,Lívia,Rodrigues,estherdias@example.com,953.124.067-16,27/02/1992,"Praça Novaes, 93 Sion 55659988 Souza dos Dourados / SP",73034259
12,Ana Lívia,das Neves,milena37@example.net,182.045.369-33,23/09/1986,"Vale Marcos Vinicius Duarte, 302 Vila Paris 03560827 Moura / PR",12951-292
70,Paulo,Cavalcanti,silveiraalicia@example.net,805.124.379-04,18/08/1966,"Rodovia Igor Moura, 41 Atila De Paiva 22036-616 Pereira / SC",79567620
95,Juliana,Cavalcanti,gomesmanuela@example.org,309.764.251-06,18/05/1982,Trevo de Duarte Nossa Senhora Do Rosário 41440886 Rezende / MS,52427-851
94,Melissa,Gonçalves,caldeirasamuel@example.com,825.670.139-03,09/01/1971,"Largo de Pinto, 96 Vila Independencia 2ª Sessão 38053880 da Mota do Amparo / TO",66939-843
28,Alexandre,Nascimento,olivia97@example.org,719.360.824-03,12/01/1992,"Aeroporto Maria Cecília Rocha, 39 Serra Do Curral 08025-854 Cardoso da Praia / MA",42178150
80,Clarice,Nascimento,lorena74@example.org,956.104.283-51,01/12/1995,"Rua de da Mota, 7 Vila Mantiqueira 17429735 Jesus / SC",40016475
27,Marcela,da Conceissão,mcosta@example.com,139.467.025-70,14/05/1963,"Avenida de Campos, 513 Tres Marias 67624232 Correia / AM",66423556
35,Ryan,da Conceissão,giovannacavalcanti@example.net,342.506.918-70,03/11/1989,"Estassão de Rezende, 33 Vila Betânia 65202-821 Silva / PI",59741896
